ุฑู ุงูุดู ูุฌููู ุฒู ุงููุจุงุฑุงุฉ ูุน ููุฏูุญ ูุตุฑุงููู ู ุงุญูุฏ ุนุฒ ู ุนุจุฏู ุงูุจูู ู ุฌู ู ุณุฑู | ูููุฑุจูู ูข/ูข ุงุฑุณูุงู
"No more Magnus Carlsen, it is Nepo or Ding this time."
ูุงุฑูุงุณุชุงู - ุงูุชูุญุฏ | Autism
ููุงู ูู ุงูููุจ ุฃูู ูุฑุฉ ูุชูุงูโค๏ธ| ูุฌู ุงูุฒูุงูู ุฌูุงู ุญูุฒุฉ ูุน ูุตูุญู ูู ุจูุฏูุงุณุช ๐ฅ| ุญ12
ูู ุงูุตุฏุงู ุงูุนุณูุฑู  ุจูู ุงูุตูู ูุงูุฑููุง ุจุงุช ุญุชููุงุ
ุฃุบุฑุจ ุฌุฑููุฉ ุตุงุฑุช ูู ุงูููุฏ (ูุตุฉ ูุงูุนูุฉ ููููุง ุฃุบุฑุจ ูู ูููู ููุฏู)
๐๐๐ Samelo - Damascus - DNDM Remix (music video)
The intelligence explosion: Nick Bostrom on the future of AI
ุงููุฑุฉ ุงูุซุงููุฉ | ูุคู ููุฒู | ูุงูุดุณุชุฑ ุณูุชู 4-1 ูููุฑุจูู..ุฅุซุจุงุช ุฌูุงุฑุฏูููุง
ุงููุฑุฉ ุงูุซุงููุฉ | ูุคู ููุฒู | ูุงูุดุณุชุฑ ุณูุชู 4-1 ูููุฑุจูู..ุฅุซุจุงุช ุฌูุงุฑุฏูููุง
ุฑู ุงูุดู ูุฌููู ุฒู ุงููุจุงุฑุงุฉ ูุน ููุฏูุญ ูุตุฑุงููู ู ุงุญูุฏ ุนุฒ ู ุนุจุฏู ุงูุจูู ู ุฌู ู ุณุฑู | ูููุฑุจูู ูข/ูข ุงุฑุณูุงู
"No more Magnus Carlsen, it is Nepo or Ding this time."
ูุงุฑูุงุณุชุงู - ุงูุชูุญุฏ | Autism
ููุงู ูู ุงูููุจ ุฃูู ูุฑุฉ ูุชูุงูโค๏ธ| ูุฌู ุงูุฒูุงูู ุฌูุงู ุญูุฒุฉ ูุน ูุตูุญู ูู ุจูุฏูุงุณุช ๐ฅ| ุญ12
ุฃุบุฑุจ ุฌุฑููุฉ ุตุงุฑุช ูู ุงูููุฏ (ูุตุฉ ูุงูุนูุฉ ููููุง ุฃุบุฑุจ ูู ูููู ููุฏู)
๐๐๐ Samelo - Damascus - DNDM Remix (music video)
The intelligence explosion: Nick Bostrom on the future of AI
ุงููุฑุฉ ุงูุซุงููุฉ | ูุคู ููุฒู | ูุงูุดุณุชุฑ ุณูุชู 4-1 ูููุฑุจูู..ุฅุซุจุงุช ุฌูุงุฑุฏูููุง
ุฑู ุงูุดู ูุฌููู ุฒู ุงููุจุงุฑุงุฉ ูุน ููุฏูุญ ูุตุฑุงููู ู ุงุญูุฏ ุนุฒ ู ุนุจุฏู ุงูุจูู ู ุฌู ู ุณุฑู | ูููุฑุจูู ูข/ูข ุงุฑุณูุงู
"No more Magnus Carlsen, it is Nepo or Ding this time."
ูุงุฑูุงุณุชุงู - ุงูุชูุญุฏ | Autism
ููุงู ูู ุงูููุจ ุฃูู ูุฑุฉ ูุชูุงูโค๏ธ| ูุฌู ุงูุฒูุงูู ุฌูุงู ุญูุฒุฉ ูุน ูุตูุญู ูู ุจูุฏูุงุณุช ๐ฅ| ุญ12
ุฃุบุฑุจ ุฌุฑููุฉ ุตุงุฑุช ูู ุงูููุฏ (ูุตุฉ ูุงูุนูุฉ ููููุง ุฃุบุฑุจ ูู ูููู ููุฏู)
๐๐๐ Samelo - Damascus - DNDM Remix (music video)
The intelligence explosion: Nick Bostrom on the future of AI
ุงููุฑุฉ ุงูุซุงููุฉ | ูุคู ููุฒู | ูุงูุดุณุชุฑ ุณูุชู 4-1 ูููุฑุจูู..ุฅุซุจุงุช ุฌูุงุฑุฏูููุง
ุฑู ุงูุดู ูุฌููู ุฒู ุงููุจุงุฑุงุฉ ูุน ููุฏูุญ ูุตุฑุงููู ู ุงุญูุฏ ุนุฒ ู ุนุจุฏู ุงูุจูู ู ุฌู ู ุณุฑู | ูููุฑุจูู ูข/ูข ุงุฑุณูุงู
"No more Magnus Carlsen, it is Nepo or Ding this time."
ูุงุฑูุงุณุชุงู - ุงูุชูุญุฏ | Autism
ููุงู ูู ุงูููุจ ุฃูู ูุฑุฉ ูุชูุงูโค๏ธ| ูุฌู ุงูุฒูุงูู ุฌูุงู ุญูุฒุฉ ูุน ูุตูุญู ูู ุจูุฏูุงุณุช ๐ฅ| ุญ12
ุฃุบุฑุจ ุฌุฑููุฉ ุตุงุฑุช ูู ุงูููุฏ (ูุตุฉ ูุงูุนูุฉ ููููุง ุฃุบุฑุจ ูู ูููู ููุฏู)
๐๐๐ Samelo - Damascus - DNDM Remix (music video)
The intelligence explosion: Nick Bostrom on the future of AI
ุงููุฑุฉ ุงูุซุงููุฉ | ูุคู ููุฒู | ูุงูุดุณุชุฑ ุณูุชู 4-1 ูููุฑุจูู..ุฅุซุจุงุช ุฌูุงุฑุฏูููุง
ุฑู ุงูุดู ูุฌููู ุฒู ุงููุจุงุฑุงุฉ ูุน ููุฏูุญ ูุตุฑุงููู ู ุงุญูุฏ ุนุฒ ู ุนุจุฏู ุงูุจูู ู ุฌู ู ุณุฑู | ูููุฑุจูู ูข/ูข ุงุฑุณูุงู
"No more Magnus Carlsen, it is Nepo or Ding this time."
ูุงุฑูุงุณุชุงู - ุงูุชูุญุฏ | Autism
ููุงู ูู ุงูููุจ ุฃูู ูุฑุฉ ูุชูุงูโค๏ธ| ูุฌู ุงูุฒูุงูู ุฌูุงู ุญูุฒุฉ ูุน ูุตูุญู ูู ุจูุฏูุงุณุช ๐ฅ| ุญ12
ุฃุบุฑุจ ุฌุฑููุฉ ุตุงุฑุช ูู ุงูููุฏ (ูุตุฉ ูุงูุนูุฉ ููููุง ุฃุบุฑุจ ูู ูููู ููุฏู)
๐๐๐ Samelo - Damascus - DNDM Remix (music video)
The intelligence explosion: Nick Bostrom on the future of AI
ุงููุฑุฉ ุงูุซุงููุฉ | ูุคู ููุฒู | ูุงูุดุณุชุฑ ุณูุชู 4-1 ูููุฑุจูู..ุฅุซุจุงุช ุฌูุงุฑุฏูููุง
ุฑู ุงูุดู ูุฌููู ุฒู ุงููุจุงุฑุงุฉ ูุน ููุฏูุญ ูุตุฑุงููู ู ุงุญูุฏ ุนุฒ ู ุนุจุฏู ุงูุจูู ู ุฌู ู ุณุฑู | ูููุฑุจูู ูข/ูข ุงุฑุณูุงู
"No more Magnus Carlsen, it is Nepo or Ding this time."
ูุงุฑูุงุณุชุงู - ุงูุชูุญุฏ | Autism
ููุงู ูู ุงูููุจ ุฃูู ูุฑุฉ ูุชูุงูโค๏ธ| ูุฌู ุงูุฒูุงูู ุฌูุงู ุญูุฒุฉ ูุน ูุตูุญู ูู ุจูุฏูุงุณุช ๐ฅ| ุญ12
ุฃุบุฑุจ ุฌุฑููุฉ ุตุงุฑุช ูู ุงูููุฏ (ูุตุฉ ูุงูุนูุฉ ููููุง ุฃุบุฑุจ ูู ูููู ููุฏู)
๐๐๐ Samelo - Damascus - DNDM Remix (music video)
The intelligence explosion: Nick Bostrom on the future of AI
ุงููุฑุฉ ุงูุซุงููุฉ | ูุคู ููุฒู | ูุงูุดุณุชุฑ ุณูุชู 4-1 ูููุฑุจูู..ุฅุซุจุงุช ุฌูุงุฑุฏูููุง
ุฑู ุงูุดู ูุฌููู ุฒู ุงููุจุงุฑุงุฉ ูุน ููุฏูุญ ูุตุฑุงููู ู ุงุญูุฏ ุนุฒ ู ุนุจุฏู ุงูุจูู ู ุฌู ู ุณุฑู | ูููุฑุจูู ูข/ูข ุงุฑุณูุงู
"No more Magnus Carlsen, it is Nepo or Ding this time."
ูุงุฑูุงุณุชุงู - ุงูุชูุญุฏ | Autism
ููุงู ูู ุงูููุจ ุฃูู ูุฑุฉ ูุชูุงูโค๏ธ| ูุฌู ุงูุฒูุงูู ุฌูุงู ุญูุฒุฉ ูุน ูุตูุญู ูู ุจูุฏูุงุณุช ๐ฅ| ุญ12
ุฃุบุฑุจ ุฌุฑููุฉ ุตุงุฑุช ูู ุงูููุฏ (ูุตุฉ ูุงูุนูุฉ ููููุง ุฃุบุฑุจ ูู ูููู ููุฏู)
๐๐๐ Samelo - Damascus - DNDM Remix (music video)
The intelligence explosion: Nick Bostrom on the future of AI
ุงููุฑุฉ ุงูุซุงููุฉ | ูุคู ููุฒู | ูุงูุดุณุชุฑ ุณูุชู 4-1 ูููุฑุจูู..ุฅุซุจุงุช ุฌูุงุฑุฏูููุง
ุฑู ุงูุดู ูุฌููู ุฒู ุงููุจุงุฑุงุฉ ูุน ููุฏูุญ ูุตุฑุงููู ู ุงุญูุฏ ุนุฒ ู ุนุจุฏู ุงูุจูู ู ุฌู ู ุณุฑู | ูููุฑุจูู ูข/ูข ุงุฑุณูุงู
"No more Magnus Carlsen, it is Nepo or Ding this time."
ูุงุฑูุงุณุชุงู - ุงูุชูุญุฏ | Autism
ููุงู ูู ุงูููุจ ุฃูู ูุฑุฉ ูุชูุงูโค๏ธ| ูุฌู ุงูุฒูุงูู ุฌูุงู ุญูุฒุฉ ูุน ูุตูุญู ูู ุจูุฏูุงุณุช ๐ฅ| ุญ12
ุฃุบุฑุจ ุฌุฑููุฉ ุตุงุฑุช ูู ุงูููุฏ (ูุตุฉ ูุงูุนูุฉ ููููุง ุฃุบุฑุจ ูู ูููู ููุฏู)
๐๐๐ Samelo - Damascus - DNDM Remix (music video)
The intelligence explosion: Nick Bostrom on the future of AI
ุงููุฑุฉ ุงูุซุงููุฉ | ูุคู ููุฒู | ูุงูุดุณุชุฑ ุณูุชู 4-1 ูููุฑุจูู..ุฅุซุจุงุช ุฌูุงุฑุฏูููุง
ุฑู ุงูุดู ูุฌููู ุฒู ุงููุจุงุฑุงุฉ ูุน ููุฏูุญ ูุตุฑุงููู ู ุงุญูุฏ ุนุฒ ู ุนุจุฏู ุงูุจูู ู ุฌู ู ุณุฑู | ูููุฑุจูู ูข/ูข ุงุฑุณูุงู
"No more Magnus Carlsen, it is Nepo or Ding this time."
ูุงุฑูุงุณุชุงู - ุงูุชูุญุฏ | Autism
ููุงู ูู ุงูููุจ ุฃูู ูุฑุฉ ูุชูุงูโค๏ธ| ูุฌู ุงูุฒูุงูู ุฌูุงู ุญูุฒุฉ ูุน ูุตูุญู ูู ุจูุฏูุงุณุช ๐ฅ| ุญ12
ุฃุบุฑุจ ุฌุฑููุฉ ุตุงุฑุช ูู ุงูููุฏ (ูุตุฉ ูุงูุนูุฉ ููููุง ุฃุบุฑุจ ูู ูููู ููุฏู)
๐๐๐ Samelo - Damascus - DNDM Remix (music video)
The intelligence explosion: Nick Bostrom on the future of AI
ุงููุฑุฉ ุงูุซุงููุฉ | ูุคู ููุฒู | ูุงูุดุณุชุฑ ุณูุชู 4-1 ูููุฑุจูู..ุฅุซุจุงุช ุฌูุงุฑุฏูููุง
ุฑู ุงูุดู ูุฌููู ุฒู ุงููุจุงุฑุงุฉ ูุน ููุฏูุญ ูุตุฑุงููู ู ุงุญูุฏ ุนุฒ ู ุนุจุฏู ุงูุจูู ู ุฌู ู ุณุฑู | ูููุฑุจูู ูข/ูข ุงุฑุณูุงู
"No more Magnus Carlsen, it is Nepo or Ding this time."
ูุงุฑูุงุณุชุงู - ุงูุชูุญุฏ | Autism
ููุงู ูู ุงูููุจ ุฃูู ูุฑุฉ ูุชูุงูโค๏ธ| ูุฌู ุงูุฒูุงูู ุฌูุงู ุญูุฒุฉ ูุน ูุตูุญู ูู ุจูุฏูุงุณุช ๐ฅ| ุญ12
ุฃุบุฑุจ ุฌุฑููุฉ ุตุงุฑุช ูู ุงูููุฏ (ูุตุฉ ูุงูุนูุฉ ููููุง ุฃุบุฑุจ ูู ูููู ููุฏู)
๐๐๐ Samelo - Damascus - DNDM Remix (music video)
The intelligence explosion: Nick Bostrom on the future of AI
ุงููุฑุฉ ุงูุซุงููุฉ | ูุคู ููุฒู | ูุงูุดุณุชุฑ ุณูุชู 4-1 ูููุฑุจูู..ุฅุซุจุงุช ุฌูุงุฑุฏูููุง
ุฑู ุงูุดู ูุฌููู ุฒู ุงููุจุงุฑุงุฉ ูุน ููุฏูุญ ูุตุฑุงููู ู ุงุญูุฏ ุนุฒ ู ุนุจุฏู ุงูุจูู ู ุฌู ู ุณุฑู | ูููุฑุจูู ูข/ูข ุงุฑุณูุงู
"No more Magnus Carlsen, it is Nepo or Ding this time."
ูุงุฑูุงุณุชุงู - ุงูุชูุญุฏ | Autism
ููุงู ูู ุงูููุจ ุฃูู ูุฑุฉ ูุชูุงูโค๏ธ| ูุฌู ุงูุฒูุงูู ุฌูุงู ุญูุฒุฉ ูุน ูุตูุญู ูู ุจูุฏูุงุณุช ๐ฅ| ุญ12
ุฃุบุฑุจ ุฌุฑููุฉ ุตุงุฑุช ูู ุงูููุฏ (ูุตุฉ ูุงูุนูุฉ ููููุง ุฃุบุฑุจ ูู ูููู ููุฏู)
๐๐๐ Samelo - Damascus - DNDM Remix (music video)
The intelligence explosion: Nick Bostrom on the future of AI
ุงููุฑุฉ ุงูุซุงููุฉ | ูุคู ููุฒู | ูุงูุดุณุชุฑ ุณูุชู 4-1 ูููุฑุจูู..ุฅุซุจุงุช ุฌูุงุฑุฏูููุง
ุฑู ุงูุดู ูุฌููู ุฒู ุงููุจุงุฑุงุฉ ูุน ููุฏูุญ ูุตุฑุงููู ู ุงุญูุฏ ุนุฒ ู ุนุจุฏู ุงูุจูู ู ุฌู ู ุณุฑู | ูููุฑุจูู ูข/ูข ุงุฑุณูุงู
"No more Magnus Carlsen, it is Nepo or Ding this time."
ูุงุฑูุงุณุชุงู - ุงูุชูุญุฏ | Autism
ููุงู ูู ุงูููุจ ุฃูู ูุฑุฉ ูุชูุงูโค๏ธ| ูุฌู ุงูุฒูุงูู ุฌูุงู ุญูุฒุฉ ูุน ูุตูุญู ูู ุจูุฏูุงุณุช ๐ฅ| ุญ12
ุฃุบุฑุจ ุฌุฑููุฉ ุตุงุฑุช ูู ุงูููุฏ (ูุตุฉ ูุงูุนูุฉ ููููุง ุฃุบุฑุจ ูู ูููู ููุฏู)
๐๐๐ Samelo - Damascus - DNDM Remix (music video)
The intelligence explosion: Nick Bostrom on the future of AI
ุงููุฑุฉ ุงูุซุงููุฉ | ูุคู ููุฒู | ูุงูุดุณุชุฑ ุณูุชู 4-1 ูููุฑุจูู..ุฅุซุจุงุช ุฌูุงุฑุฏูููุง
ุฑู ุงูุดู ูุฌููู ุฒู ุงููุจุงุฑุงุฉ ูุน ููุฏูุญ ูุตุฑุงููู ู ุงุญูุฏ ุนุฒ ู ุนุจุฏู ุงูุจูู ู ุฌู ู ุณุฑู | ูููุฑุจูู ูข/ูข ุงุฑุณูุงู
"No more Magnus Carlsen, it is Nepo or Ding this time."
ูุงุฑูุงุณุชุงู - ุงูุชูุญุฏ | Autism
ููุงู ูู ุงูููุจ ุฃูู ูุฑุฉ ูุชูุงูโค๏ธ| ูุฌู ุงูุฒูุงูู ุฌูุงู ุญูุฒุฉ ูุน ูุตูุญู ูู ุจูุฏูุงุณุช ๐ฅ| ุญ12
ุฃุบุฑุจ ุฌุฑููุฉ ุตุงุฑุช ูู ุงูููุฏ (ูุตุฉ ูุงูุนูุฉ ููููุง ุฃุบุฑุจ ูู ูููู ููุฏู)
๐๐๐ Samelo - Damascus - DNDM Remix (music video)
The intelligence explosion: Nick Bostrom on the future of AI
ุงููุฑุฉ ุงูุซุงููุฉ | ูุคู ููุฒู | ูุงูุดุณุชุฑ ุณูุชู 4-1 ูููุฑุจูู..ุฅุซุจุงุช ุฌูุงุฑุฏูููุง
ุฑู ุงูุดู ูุฌููู ุฒู ุงููุจุงุฑุงุฉ ูุน ููุฏูุญ ูุตุฑุงููู ู ุงุญูุฏ ุนุฒ ู ุนุจุฏู ุงูุจูู ู ุฌู ู ุณุฑู | ูููุฑุจูู ูข/ูข ุงุฑุณูุงู
"No more Magnus Carlsen, it is Nepo or Ding this time."
ูุงุฑูุงุณุชุงู - ุงูุชูุญุฏ | Autism
ููุงู ูู ุงูููุจ ุฃูู ูุฑุฉ ูุชูุงูโค๏ธ| ูุฌู ุงูุฒูุงูู ุฌูุงู ุญูุฒุฉ ูุน ูุตูุญู ูู ุจูุฏูุงุณุช ๐ฅ| ุญ12
ุฃุบุฑุจ ุฌุฑููุฉ ุตุงุฑุช ูู ุงูููุฏ (ูุตุฉ ูุงูุนูุฉ ููููุง ุฃุบุฑุจ ูู ูููู ููุฏู)
๐๐๐ Samelo - Damascus - DNDM Remix (music video)
The intelligence explosion: Nick Bostrom on the future of AI
ุงููุฑุฉ ุงูุซุงููุฉ | ูุคู ููุฒู | ูุงูุดุณุชุฑ ุณูุชู 4-1 ูููุฑุจูู..ุฅุซุจุงุช ุฌูุงุฑุฏูููุง
ุฑู ุงูุดู ูุฌููู ุฒู ุงููุจุงุฑุงุฉ ูุน ููุฏูุญ ูุตุฑุงููู ู ุงุญูุฏ ุนุฒ ู ุนุจุฏู ุงูุจูู ู ุฌู ู ุณุฑู | ูููุฑุจูู ูข/ูข ุงุฑุณูุงู
"No more Magnus Carlsen, it is Nepo or Ding this time."
ูุงุฑูุงุณุชุงู - ุงูุชูุญุฏ | Autism
ููุงู ูู ุงูููุจ ุฃูู ูุฑุฉ ูุชูุงูโค๏ธ| ูุฌู ุงูุฒูุงูู ุฌูุงู ุญูุฒุฉ ูุน ูุตูุญู ูู ุจูุฏูุงุณุช ๐ฅ| ุญ12
ุฃุบุฑุจ ุฌุฑููุฉ ุตุงุฑุช ูู ุงูููุฏ (ูุตุฉ ูุงูุนูุฉ ููููุง ุฃุบุฑุจ ูู ูููู ููุฏู)
๐๐๐ Samelo - Damascus - DNDM Remix (music video)
The intelligence explosion: Nick Bostrom on the future of AI
ุงููุฑุฉ ุงูุซุงููุฉ | ูุคู ููุฒู | ูุงูุดุณุชุฑ ุณูุชู 4-1 ูููุฑุจูู..ุฅุซุจุงุช ุฌูุงุฑุฏูููุง
ุฑู ุงูุดู ูุฌููู ุฒู ุงููุจุงุฑุงุฉ ูุน ููุฏูุญ ูุตุฑุงููู ู ุงุญูุฏ ุนุฒ ู ุนุจุฏู ุงูุจูู ู ุฌู ู ุณุฑู | ูููุฑุจูู ูข/ูข ุงุฑุณูุงู
"No more Magnus Carlsen, it is Nepo or Ding this time."
ูุงุฑูุงุณุชุงู - ุงูุชูุญุฏ | Autism
ููุงู ูู ุงูููุจ ุฃูู ูุฑุฉ ูุชูุงูโค๏ธ| ูุฌู ุงูุฒูุงูู ุฌูุงู ุญูุฒุฉ ูุน ูุตูุญู ูู ุจูุฏูุงุณุช ๐ฅ| ุญ12
ุฃุบุฑุจ ุฌุฑููุฉ ุตุงุฑุช ูู ุงูููุฏ (ูุตุฉ ูุงูุนูุฉ ููููุง ุฃุบุฑุจ ูู ูููู ููุฏู)
๐๐๐ Samelo - Damascus - DNDM Remix (music video)
The intelligence explosion: Nick Bostrom on the future of AI
ุงููุฑุฉ ุงูุซุงููุฉ | ูุคู ููุฒู | ูุงูุดุณุชุฑ ุณูุชู 4-1 ูููุฑุจูู..ุฅุซุจุงุช ุฌูุงุฑุฏูููุง
ุฑู ุงูุดู ูุฌููู ุฒู ุงููุจุงุฑุงุฉ ูุน ููุฏูุญ ูุตุฑุงููู ู ุงุญูุฏ ุนุฒ ู ุนุจุฏู ุงูุจูู ู ุฌู ู ุณุฑู | ูููุฑุจูู ูข/ูข ุงุฑุณูุงู
"No more Magnus Carlsen, it is Nepo or Ding this time."
ูุงุฑูุงุณุชุงู - ุงูุชูุญุฏ | Autism
ููุงู ูู ุงูููุจ ุฃูู ูุฑุฉ ูุชูุงูโค๏ธ| ูุฌู ุงูุฒูุงูู ุฌูุงู ุญูุฒุฉ ูุน ูุตูุญู ูู ุจูุฏูุงุณุช ๐ฅ| ุญ12
ุฃุบุฑุจ ุฌุฑููุฉ ุตุงุฑุช ูู ุงูููุฏ (ูุตุฉ ูุงูุนูุฉ ููููุง ุฃุบุฑุจ ูู ูููู ููุฏู)
๐๐๐ Samelo - Damascus - DNDM Remix (music video)
The intelligence explosion: Nick Bostrom on the future of AI
ุงููุฑุฉ ุงูุซุงููุฉ | ูุคู ููุฒู | ูุงูุดุณุชุฑ ุณูุชู 4-1 ูููุฑุจูู..ุฅุซุจุงุช ุฌูุงุฑุฏูููุง
ุฑู ุงูุดู ูุฌููู ุฒู ุงููุจุงุฑุงุฉ ูุน ููุฏูุญ ูุตุฑุงููู ู ุงุญูุฏ ุนุฒ ู ุนุจุฏู ุงูุจูู ู ุฌู ู ุณุฑู | ูููุฑุจูู ูข/ูข ุงุฑุณูุงู
"No more Magnus Carlsen, it is Nepo or Ding this time."
ูุงุฑูุงุณุชุงู - ุงูุชูุญุฏ | Autism
ููุงู ูู ุงูููุจ ุฃูู ูุฑุฉ ูุชูุงูโค๏ธ| ูุฌู ุงูุฒูุงูู ุฌูุงู ุญูุฒุฉ ูุน ูุตูุญู ูู ุจูุฏูุงุณุช ๐ฅ| ุญ12
ุฃุบุฑุจ ุฌุฑููุฉ ุตุงุฑุช ูู ุงูููุฏ (ูุตุฉ ูุงูุนูุฉ ููููุง ุฃุบุฑุจ ูู ูููู ููุฏู)
๐๐๐ Samelo - Damascus - DNDM Remix (music video)
The intelligence explosion: Nick Bostrom on the future of AI
ุงููุฑุฉ ุงูุซุงููุฉ | ูุคู ููุฒู | ูุงูุดุณุชุฑ ุณูุชู 4-1 ูููุฑุจูู..ุฅุซุจุงุช ุฌูุงุฑุฏูููุง
ุฑู ุงูุดู ูุฌููู ุฒู ุงููุจุงุฑุงุฉ ูุน ููุฏูุญ ูุตุฑุงููู ู ุงุญูุฏ ุนุฒ ู ุนุจุฏู ุงูุจูู ู ุฌู ู ุณุฑู | ูููุฑุจูู ูข/ูข ุงุฑุณูุงู
"No more Magnus Carlsen, it is Nepo or Ding this time."
ูุงุฑูุงุณุชุงู - ุงูุชูุญุฏ | Autism
ููุงู ูู ุงูููุจ ุฃูู ูุฑุฉ ูุชูุงูโค๏ธ| ูุฌู ุงูุฒูุงูู ุฌูุงู ุญูุฒุฉ ูุน ูุตูุญู ูู ุจูุฏูุงุณุช ๐ฅ| ุญ12
ุฃุบุฑุจ ุฌุฑููุฉ ุตุงุฑุช ูู ุงูููุฏ (ูุตุฉ ูุงูุนูุฉ ููููุง ุฃุบุฑุจ ูู ูููู ููุฏู)
๐๐๐ Samelo - Damascus - DNDM Remix (music video)
The intelligence explosion: Nick Bostrom on the future of AI
ุงููุฑุฉ ุงูุซุงููุฉ | ูุคู ููุฒู | ูุงูุดุณุชุฑ ุณูุชู 4-1 ูููุฑุจูู..ุฅุซุจุงุช ุฌูุงุฑุฏูููุง
ุฑู ุงูุดู ูุฌููู ุฒู ุงููุจุงุฑุงุฉ ูุน ููุฏูุญ ูุตุฑุงููู ู ุงุญูุฏ ุนุฒ ู ุนุจุฏู ุงูุจูู ู ุฌู ู ุณุฑู | ูููุฑุจูู ูข/ูข ุงุฑุณูุงู
"No more Magnus Carlsen, it is Nepo or Ding this time."
ูุงุฑูุงุณุชุงู - ุงูุชูุญุฏ | Autism
ููุงู ูู ุงูููุจ ุฃูู ูุฑุฉ ูุชูุงูโค๏ธ| ูุฌู ุงูุฒูุงูู ุฌูุงู ุญูุฒุฉ ูุน ูุตูุญู ูู ุจูุฏูุงุณุช ๐ฅ| ุญ12
ุฃุบุฑุจ ุฌุฑููุฉ ุตุงุฑุช ูู ุงูููุฏ (ูุตุฉ ูุงูุนูุฉ ููููุง ุฃุบุฑุจ ูู ูููู ููุฏู)
๐๐๐ Samelo - Damascus - DNDM Remix (music video)
The intelligence explosion: Nick Bostrom on the future of AI
ุงููุฑุฉ ุงูุซุงููุฉ | ูุคู ููุฒู | ูุงูุดุณุชุฑ ุณูุชู 4-1 ูููุฑุจูู..ุฅุซุจุงุช ุฌูุงุฑุฏูููุง
ุฑู ุงูุดู ูุฌููู ุฒู ุงููุจุงุฑุงุฉ ูุน ููุฏูุญ ูุตุฑุงููู ู ุงุญูุฏ ุนุฒ ู ุนุจุฏู ุงูุจูู ู ุฌู ู ุณุฑู | ูููุฑุจูู ูข/ูข ุงุฑุณูุงู
"No more Magnus Carlsen, it is Nepo or Ding this time."
ูุงุฑูุงุณุชุงู - ุงูุชูุญุฏ | Autism
ููุงู ูู ุงูููุจ ุฃูู ูุฑุฉ ูุชูุงูโค๏ธ| ูุฌู ุงูุฒูุงูู ุฌูุงู ุญูุฒุฉ ูุน ูุตูุญู ูู ุจูุฏูุงุณุช ๐ฅ| ุญ12
ุฃุบุฑุจ ุฌุฑููุฉ ุตุงุฑุช ูู ุงูููุฏ (ูุตุฉ ูุงูุนูุฉ ููููุง ุฃุบุฑุจ ูู ูููู ููุฏู)
๐๐๐ Samelo - Damascus - DNDM Remix (music video)
The intelligence explosion: Nick Bostrom on the future of AI
ุงููุฑุฉ ุงูุซุงููุฉ | ูุคู ููุฒู | ูุงูุดุณุชุฑ ุณูุชู 4-1 ูููุฑุจูู..ุฅุซุจุงุช ุฌูุงุฑุฏูููุง
ุฑู ุงูุดู ูุฌููู ุฒู ุงููุจุงุฑุงุฉ ูุน ููุฏูุญ ูุตุฑุงููู ู ุงุญูุฏ ุนุฒ ู ุนุจุฏู ุงูุจูู ู ุฌู ู ุณุฑู | ูููุฑุจูู ูข/ูข ุงุฑุณูุงู
"No more Magnus Carlsen, it is Nepo or Ding this time."
ูุงุฑูุงุณุชุงู - ุงูุชูุญุฏ | Autism
ููุงู ูู ุงูููุจ ุฃูู ูุฑุฉ ูุชูุงูโค๏ธ| ูุฌู ุงูุฒูุงูู ุฌูุงู ุญูุฒุฉ ูุน ูุตูุญู ูู ุจูุฏูุงุณุช ๐ฅ| ุญ12
ุฃุบุฑุจ ุฌุฑููุฉ ุตุงุฑุช ูู ุงูููุฏ (ูุตุฉ ูุงูุนูุฉ ููููุง ุฃุบุฑุจ ูู ูููู ููุฏู)
๐๐๐ Samelo - Damascus - DNDM Remix (music video)
The intelligence explosion: Nick Bostrom on the future of AI
ุงููุฑุฉ ุงูุซุงููุฉ | ูุคู ููุฒู | ูุงูุดุณุชุฑ ุณูุชู 4-1 ูููุฑุจูู..ุฅุซุจุงุช ุฌูุงุฑุฏูููุง
ุฑู ุงูุดู ูุฌููู ุฒู ุงููุจุงุฑุงุฉ ูุน ููุฏูุญ ูุตุฑุงููู ู ุงุญูุฏ ุนุฒ ู ุนุจุฏู ุงูุจูู ู ุฌู ู ุณุฑู | ูููุฑุจูู ูข/ูข ุงุฑุณูุงู
"No more Magnus Carlsen, it is Nepo or Ding this time."
ูุงุฑูุงุณุชุงู - ุงูุชูุญุฏ | Autism
ููุงู ูู ุงูููุจ ุฃูู ูุฑุฉ ูุชูุงูโค๏ธ| ูุฌู ุงูุฒูุงูู ุฌูุงู ุญูุฒุฉ ูุน ูุตูุญู ูู ุจูุฏูุงุณุช ๐ฅ| ุญ12
ุฃุบุฑุจ ุฌุฑููุฉ ุตุงุฑุช ูู ุงูููุฏ (ูุตุฉ ูุงูุนูุฉ ููููุง ุฃุบุฑุจ ูู ูููู ููุฏู)
๐๐๐ Samelo - Damascus - DNDM Remix (music video)
The intelligence explosion: Nick Bostrom on the future of AI
ุงููุฑุฉ ุงูุซุงููุฉ | ูุคู ููุฒู | ูุงูุดุณุชุฑ ุณูุชู 4-1 ูููุฑุจูู..ุฅุซุจุงุช ุฌูุงุฑุฏูููุง
ุฑู ุงูุดู ูุฌููู ุฒู ุงููุจุงุฑุงุฉ ูุน ููุฏูุญ ูุตุฑุงููู ู ุงุญูุฏ ุนุฒ ู ุนุจุฏู ุงูุจูู ู ุฌู ู ุณุฑู | ูููุฑุจูู ูข/ูข ุงุฑุณูุงู
"No more Magnus Carlsen, it is Nepo or Ding this time."
ูุงุฑูุงุณุชุงู - ุงูุชูุญุฏ | Autism
ููุงู ูู ุงูููุจ ุฃูู ูุฑุฉ ูุชูุงูโค๏ธ| ูุฌู ุงูุฒูุงูู ุฌูุงู ุญูุฒุฉ ูุน ูุตูุญู ูู ุจูุฏูุงุณุช ๐ฅ| ุญ12
ุฃุบุฑุจ ุฌุฑููุฉ ุตุงุฑุช ูู ุงูููุฏ (ูุตุฉ ูุงูุนูุฉ ููููุง ุฃุบุฑุจ ูู ูููู ููุฏู)
๐๐๐ Samelo - Damascus - DNDM Remix (music video)
The intelligence explosion: Nick Bostrom on the future of AI
ุงููุฑุฉ ุงูุซุงููุฉ | ูุคู ููุฒู | ูุงูุดุณุชุฑ ุณูุชู 4-1 ูููุฑุจูู..ุฅุซุจุงุช ุฌูุงุฑุฏูููุง
ุฑู ุงูุดู ูุฌููู ุฒู ุงููุจุงุฑุงุฉ ูุน ููุฏูุญ ูุตุฑุงููู ู ุงุญูุฏ ุนุฒ ู ุนุจุฏู ุงูุจูู ู ุฌู ู ุณุฑู | ูููุฑุจูู ูข/ูข ุงุฑุณูุงู
"No more Magnus Carlsen, it is Nepo or Ding this time."
ูุงุฑูุงุณุชุงู - ุงูุชูุญุฏ | Autism
ููุงู ูู ุงูููุจ ุฃูู ูุฑุฉ ูุชูุงูโค๏ธ| ูุฌู ุงูุฒูุงูู ุฌูุงู ุญูุฒุฉ ูุน ูุตูุญู ูู ุจูุฏูุงุณุช ๐ฅ| ุญ12
ุฃุบุฑุจ ุฌุฑููุฉ ุตุงุฑุช ูู ุงูููุฏ (ูุตุฉ ูุงูุนูุฉ ููููุง ุฃุบุฑุจ ูู ูููู ููุฏู)
๐๐๐ Samelo - Damascus - DNDM Remix (music video)
The intelligence explosion: Nick Bostrom on the future of AI
ุงููุฑุฉ ุงูุซุงููุฉ | ูุคู ููุฒู | ูุงูุดุณุชุฑ ุณูุชู 4-1 ูููุฑุจูู..ุฅุซุจุงุช ุฌูุงุฑุฏูููุง
ุฑู ุงูุดู ูุฌููู ุฒู ุงููุจุงุฑุงุฉ ูุน ููุฏูุญ ูุตุฑุงููู ู ุงุญูุฏ ุนุฒ ู ุนุจุฏู ุงูุจูู ู ุฌู ู ุณุฑู | ูููุฑุจูู ูข/ูข ุงุฑุณูุงู
"No more Magnus Carlsen, it is Nepo or Ding this time."
ูุงุฑูุงุณุชุงู - ุงูุชูุญุฏ | Autism
ููุงู ูู ุงูููุจ ุฃูู ูุฑุฉ ูุชูุงูโค๏ธ| ูุฌู ุงูุฒูุงูู ุฌูุงู ุญูุฒุฉ ูุน ูุตูุญู ูู ุจูุฏูุงุณุช ๐ฅ| ุญ12
ุฃุบุฑุจ ุฌุฑููุฉ ุตุงุฑุช ูู ุงูููุฏ (ูุตุฉ ูุงูุนูุฉ ููููุง ุฃุบุฑุจ ูู ูููู ููุฏู)
๐๐๐ Samelo - Damascus - DNDM Remix (music video)
The intelligence explosion: Nick Bostrom on the future of AI
ุงููุฑุฉ ุงูุซุงููุฉ | ูุคู ููุฒู | ูุงูุดุณุชุฑ ุณูุชู 4-1 ูููุฑุจูู..ุฅุซุจุงุช ุฌูุงุฑุฏูููุง
ุฑู ุงูุดู ูุฌููู ุฒู ุงููุจุงุฑุงุฉ ูุน ููุฏูุญ ูุตุฑุงููู ู ุงุญูุฏ ุนุฒ ู ุนุจุฏู ุงูุจูู ู ุฌู ู ุณุฑู | ูููุฑุจูู ูข/ูข ุงุฑุณูุงู
"No more Magnus Carlsen, it is Nepo or Ding this time."
ูุงุฑูุงุณุชุงู - ุงูุชูุญุฏ | Autism
ููุงู ูู ุงูููุจ ุฃูู ูุฑุฉ ูุชูุงูโค๏ธ| ูุฌู ุงูุฒูุงูู ุฌูุงู ุญูุฒุฉ ูุน ูุตูุญู ูู ุจูุฏูุงุณุช ๐ฅ| ุญ12
ุฃุบุฑุจ ุฌุฑููุฉ ุตุงุฑุช ูู ุงูููุฏ (ูุตุฉ ูุงูุนูุฉ ููููุง ุฃุบุฑุจ ูู ูููู ููุฏู)
๐๐๐ Samelo - Damascus - DNDM Remix (music video)
The intelligence explosion: Nick Bostrom on the future of AI
ุงููุฑุฉ ุงูุซุงููุฉ | ูุคู ููุฒู | ูุงูุดุณุชุฑ ุณูุชู 4-1 ูููุฑุจูู..ุฅุซุจุงุช ุฌูุงุฑุฏูููุง
ุฑู ุงูุดู ูุฌููู ุฒู ุงููุจุงุฑุงุฉ ูุน ููุฏูุญ ูุตุฑุงููู ู ุงุญูุฏ ุนุฒ ู ุนุจุฏู ุงูุจูู ู ุฌู ู ุณุฑู | ูููุฑุจูู ูข/ูข ุงุฑุณูุงู
"No more Magnus Carlsen, it is Nepo or Ding this time."
ูุงุฑูุงุณุชุงู - ุงูุชูุญุฏ | Autism
ููุงู ูู ุงูููุจ ุฃูู ูุฑุฉ ูุชูุงูโค๏ธ| ูุฌู ุงูุฒูุงูู ุฌูุงู ุญูุฒุฉ ูุน ูุตูุญู ูู ุจูุฏูุงุณุช ๐ฅ| ุญ12
ุฃุบุฑุจ ุฌุฑููุฉ ุตุงุฑุช ูู ุงูููุฏ (ูุตุฉ ูุงูุนูุฉ ููููุง ุฃุบุฑุจ ูู ูููู ููุฏู)
๐๐๐ Samelo - Damascus - DNDM Remix (music video)
The intelligence explosion: Nick Bostrom on the future of AI
ุงููุฑุฉ ุงูุซุงููุฉ | ูุคู ููุฒู | ูุงูุดุณุชุฑ ุณูุชู 4-1 ูููุฑุจูู..ุฅุซุจุงุช ุฌูุงุฑุฏูููุง
ุฑู ุงูุดู ูุฌููู ุฒู ุงููุจุงุฑุงุฉ ูุน ููุฏูุญ ูุตุฑุงููู ู ุงุญูุฏ ุนุฒ ู ุนุจุฏู ุงูุจูู ู ุฌู ู ุณุฑู | ูููุฑุจูู ูข/ูข ุงุฑุณูุงู
"No more Magnus Carlsen, it is Nepo or Ding this time."
ูุงุฑูุงุณุชุงู - ุงูุชูุญุฏ | Autism
ููุงู ูู ุงูููุจ ุฃูู ูุฑุฉ ูุชูุงูโค๏ธ| ูุฌู ุงูุฒูุงูู ุฌูุงู ุญูุฒุฉ ูุน ูุตูุญู ูู ุจูุฏูุงุณุช ๐ฅ| ุญ12
ุฃุบุฑุจ ุฌุฑููุฉ ุตุงุฑุช ูู ุงูููุฏ (ูุตุฉ ูุงูุนูุฉ ููููุง ุฃุบุฑุจ ูู ูููู ููุฏู)
๐๐๐ Samelo - Damascus - DNDM Remix (music video)
The intelligence explosion: Nick Bostrom on the future of AI
ุงููุฑุฉ ุงูุซุงููุฉ | ูุคู ููุฒู | ูุงูุดุณุชุฑ ุณูุชู 4-1 ูููุฑุจูู..ุฅุซุจุงุช ุฌูุงุฑุฏูููุง
ุฑู ุงูุดู ูุฌููู ุฒู ุงููุจุงุฑุงุฉ ูุน ููุฏูุญ ูุตุฑุงููู ู ุงุญูุฏ ุนุฒ ู ุนุจุฏู ุงูุจูู ู ุฌู ู ุณุฑู | ูููุฑุจูู ูข/ูข ุงุฑุณูุงู
"No more Magnus Carlsen, it is Nepo or Ding this time."
ูุงุฑูุงุณุชุงู - ุงูุชูุญุฏ | Autism
ููุงู ูู ุงูููุจ ุฃูู ูุฑุฉ ูุชูุงูโค๏ธ| ูุฌู ุงูุฒูุงูู ุฌูุงู ุญูุฒุฉ ูุน ูุตูุญู ูู ุจูุฏูุงุณุช ๐ฅ| ุญ12
ุฃุบุฑุจ ุฌุฑููุฉ ุตุงุฑุช ูู ุงูููุฏ (ูุตุฉ ูุงูุนูุฉ ููููุง ุฃุบุฑุจ ูู ูููู ููุฏู)
๐๐๐ Samelo - Damascus - DNDM Remix (music video)
The intelligence explosion: Nick Bostrom on the future of AI
ุงููุฑุฉ ุงูุซุงููุฉ | ูุคู ููุฒู | ูุงูุดุณุชุฑ ุณูุชู 4-1 ูููุฑุจูู..ุฅุซุจุงุช ุฌูุงุฑุฏูููุง
ุฑู ุงูุดู ูุฌููู ุฒู ุงููุจุงุฑุงุฉ ูุน ููุฏูุญ ูุตุฑุงููู ู ุงุญูุฏ ุนุฒ ู ุนุจุฏู ุงูุจูู ู ุฌู ู ุณุฑู | ูููุฑุจูู ูข/ูข ุงุฑุณูุงู
"No more Magnus Carlsen, it is Nepo or Ding this time."
ูุงุฑูุงุณุชุงู - ุงูุชูุญุฏ | Autism
ููุงู ูู ุงูููุจ ุฃูู ูุฑุฉ ูุชูุงูโค๏ธ| ูุฌู ุงูุฒูุงูู ุฌูุงู ุญูุฒุฉ ูุน ูุตูุญู ูู ุจูุฏูุงุณุช ๐ฅ| ุญ12
ุฃุบุฑุจ ุฌุฑููุฉ ุตุงุฑุช ูู ุงูููุฏ (ูุตุฉ ูุงูุนูุฉ ููููุง ุฃุบุฑุจ ูู ูููู ููุฏู)
๐๐๐ Samelo - Damascus - DNDM Remix (music video)
The intelligence explosion: Nick Bostrom on the future of AI
ุงููุฑุฉ ุงูุซุงููุฉ | ูุคู ููุฒู | ูุงูุดุณุชุฑ ุณูุชู 4-1 ูููุฑุจูู..ุฅุซุจุงุช ุฌูุงุฑุฏูููุง
ุฑู ุงูุดู ูุฌููู ุฒู ุงููุจุงุฑุงุฉ ูุน ููุฏูุญ ูุตุฑุงููู ู ุงุญูุฏ ุนุฒ ู ุนุจุฏู ุงูุจูู ู ุฌู ู ุณุฑู | ูููุฑุจูู ูข/ูข ุงุฑุณูุงู
"No more Magnus Carlsen, it is Nepo or Ding this time."
ูุงุฑูุงุณุชุงู - ุงูุชูุญุฏ | Autism
ููุงู ูู ุงูููุจ ุฃูู ูุฑุฉ ูุชูุงูโค๏ธ| ูุฌู ุงูุฒูุงูู ุฌูุงู ุญูุฒุฉ ูุน ูุตูุญู ูู ุจูุฏูุงุณุช ๐ฅ| ุญ12
ุฃุบุฑุจ ุฌุฑููุฉ ุตุงุฑุช ูู ุงูููุฏ (ูุตุฉ ูุงูุนูุฉ ููููุง ุฃุบุฑุจ ูู ูููู ููุฏู)
๐๐๐ Samelo - Damascus - DNDM Remix (music video)
The intelligence explosion: Nick Bostrom on the future of AI
ุงููุฑุฉ ุงูุซุงููุฉ | ูุคู ููุฒู | ูุงูุดุณุชุฑ ุณูุชู 4-1 ูููุฑุจูู..ุฅุซุจุงุช ุฌูุงุฑุฏูููุง
ุฑู ุงูุดู ูุฌููู ุฒู ุงููุจุงุฑุงุฉ ูุน ููุฏูุญ ูุตุฑุงููู ู ุงุญูุฏ ุนุฒ ู ุนุจุฏู ุงูุจูู ู ุฌู ู ุณุฑู | ูููุฑุจูู ูข/ูข ุงุฑุณูุงู
"No more Magnus Carlsen, it is Nepo or Ding this time."
ูุงุฑูุงุณุชุงู - ุงูุชูุญุฏ | Autism
ููุงู ูู ุงูููุจ ุฃูู ูุฑุฉ ูุชูุงูโค๏ธ| ูุฌู ุงูุฒูุงูู ุฌูุงู ุญูุฒุฉ ูุน ูุตูุญู ูู ุจูุฏูุงุณุช ๐ฅ| ุญ12
ุฃุบุฑุจ ุฌุฑููุฉ ุตุงุฑุช ูู ุงูููุฏ (ูุตุฉ ูุงูุนูุฉ ููููุง ุฃุบุฑุจ ูู ูููู ููุฏู)
๐๐๐ Samelo - Damascus - DNDM Remix (music video)
The intelligence explosion: Nick Bostrom on the future of AI
ุงููุฑุฉ ุงูุซุงููุฉ | ูุคู ููุฒู | ูุงูุดุณุชุฑ ุณูุชู 4-1 ูููุฑุจูู..ุฅุซุจุงุช ุฌูุงุฑุฏูููุง
ุฑู ุงูุดู ูุฌููู ุฒู ุงููุจุงุฑุงุฉ ูุน ููุฏูุญ ูุตุฑุงููู ู ุงุญูุฏ ุนุฒ ู ุนุจุฏู ุงูุจูู ู ุฌู ู ุณุฑู | ูููุฑุจูู ูข/ูข ุงุฑุณูุงู
"No more Magnus Carlsen, it is Nepo or Ding this time."
ูุงุฑูุงุณุชุงู - ุงูุชูุญุฏ | Autism
ููุงู ูู ุงูููุจ ุฃูู ูุฑุฉ ูุชูุงูโค๏ธ| ูุฌู ุงูุฒูุงูู ุฌูุงู ุญูุฒุฉ ูุน ูุตูุญู ูู ุจูุฏูุงุณุช ๐ฅ| ุญ12
ุฃุบุฑุจ ุฌุฑููุฉ ุตุงุฑุช ูู ุงูููุฏ (ูุตุฉ ูุงูุนูุฉ ููููุง ุฃุบุฑุจ ูู ูููู ููุฏู)
๐๐๐ Samelo - Damascus - DNDM Remix (music video)
The intelligence explosion: Nick Bostrom on the future of AI
ุงููุฑุฉ ุงูุซุงููุฉ | ูุคู ููุฒู | ูุงูุดุณุชุฑ ุณูุชู 4-1 ูููุฑุจูู..ุฅุซุจุงุช ุฌูุงุฑุฏูููุง
ุฑู ุงูุดู ูุฌููู ุฒู ุงููุจุงุฑุงุฉ ูุน ููุฏูุญ ูุตุฑุงููู ู ุงุญูุฏ ุนุฒ ู ุนุจุฏู ุงูุจูู ู ุฌู ู ุณุฑู | ูููุฑุจูู ูข/ูข ุงุฑุณูุงู
"No more Magnus Carlsen, it is Nepo or Ding this time."
ูุงุฑูุงุณุชุงู - ุงูุชูุญุฏ | Autism
ููุงู ูู ุงูููุจ ุฃูู ูุฑุฉ ูุชูุงูโค๏ธ| ูุฌู ุงูุฒูุงูู ุฌูุงู ุญูุฒุฉ ูุน ูุตูุญู ูู ุจูุฏูุงุณุช ๐ฅ| ุญ12
ุฃุบุฑุจ ุฌุฑููุฉ ุตุงุฑุช ูู ุงูููุฏ (ูุตุฉ ูุงูุนูุฉ ููููุง ุฃุบุฑุจ ูู ูููู ููุฏู)
๐๐๐ Samelo - Damascus - DNDM Remix (music video)
The intelligence explosion: Nick Bostrom on the future of AI
ุงููุฑุฉ ุงูุซุงููุฉ | ูุคู ููุฒู | ูุงูุดุณุชุฑ ุณูุชู 4-1 ูููุฑุจูู..ุฅุซุจุงุช ุฌูุงุฑุฏูููุง
ุฑู ุงูุดู ูุฌููู ุฒู ุงููุจุงุฑุงุฉ ูุน ููุฏูุญ ูุตุฑุงููู ู ุงุญูุฏ ุนุฒ ู ุนุจุฏู ุงูุจูู ู ุฌู ู ุณุฑู | ูููุฑุจูู ูข/ูข ุงุฑุณูุงู
"No more Magnus Carlsen, it is Nepo or Ding this time."
ูุงุฑูุงุณุชุงู - ุงูุชูุญุฏ | Autism
ููุงู ูู ุงูููุจ ุฃูู ูุฑุฉ ูุชูุงูโค๏ธ| ูุฌู ุงูุฒูุงูู ุฌูุงู ุญูุฒุฉ ูุน ูุตูุญู ูู ุจูุฏูุงุณุช ๐ฅ| ุญ12
ุฃุบุฑุจ ุฌุฑููุฉ ุตุงุฑุช ูู ุงูููุฏ (ูุตุฉ ูุงูุนูุฉ ููููุง ุฃุบุฑุจ ูู ูููู ููุฏู)
๐๐๐ Samelo - Damascus - DNDM Remix (music video)
The intelligence explosion: Nick Bostrom on the future of AI
ุงููุฑุฉ ุงูุซุงููุฉ | ูุคู ููุฒู | ูุงูุดุณุชุฑ ุณูุชู 4-1 ูููุฑุจูู..ุฅุซุจุงุช ุฌูุงุฑุฏูููุง
ุฑู ุงูุดู ูุฌููู ุฒู ุงููุจุงุฑุงุฉ ูุน ููุฏูุญ ูุตุฑุงููู ู ุงุญูุฏ ุนุฒ ู ุนุจุฏู ุงูุจูู ู ุฌู ู ุณุฑู | ูููุฑุจูู ูข/ูข ุงุฑุณูุงู
"No more Magnus Carlsen, it is Nepo or Ding this time."
ูุงุฑูุงุณุชุงู - ุงูุชูุญุฏ | Autism
ููุงู ูู ุงูููุจ ุฃูู ูุฑุฉ ูุชูุงูโค๏ธ| ูุฌู ุงูุฒูุงูู ุฌูุงู ุญูุฒุฉ ูุน ูุตูุญู ูู ุจูุฏูุงุณุช ๐ฅ| ุญ12
ุฃุบุฑุจ ุฌุฑููุฉ ุตุงุฑุช ูู ุงูููุฏ (ูุตุฉ ูุงูุนูุฉ ููููุง ุฃุบุฑุจ ูู ูููู ููุฏู)
๐๐๐ Samelo - Damascus - DNDM Remix (music video)
The intelligence explosion: Nick Bostrom on the future of AI
ุงููุฑุฉ ุงูุซุงููุฉ | ูุคู ููุฒู | ูุงูุดุณุชุฑ ุณูุชู 4-1 ูููุฑุจูู..ุฅุซุจุงุช ุฌูุงุฑุฏูููุง
ุฑู ุงูุดู ูุฌููู ุฒู ุงููุจุงุฑุงุฉ ูุน ููุฏูุญ ูุตุฑุงููู ู ุงุญูุฏ ุนุฒ ู ุนุจุฏู ุงูุจูู ู ุฌู ู ุณุฑู | ูููุฑุจูู ูข/ูข ุงุฑุณูุงู
"No more Magnus Carlsen, it is Nepo or Ding this time."
ูุงุฑูุงุณุชุงู - ุงูุชูุญุฏ | Autism
ููุงู ูู ุงูููุจ ุฃูู ูุฑุฉ ูุชูุงูโค๏ธ| ูุฌู ุงูุฒูุงูู ุฌูุงู ุญูุฒุฉ ูุน ูุตูุญู ูู ุจูุฏูุงุณุช ๐ฅ| ุญ12
ุฃุบุฑุจ ุฌุฑููุฉ ุตุงุฑุช ูู ุงูููุฏ (ูุตุฉ ูุงูุนูุฉ ููููุง ุฃุบุฑุจ ูู ูููู ููุฏู)
๐๐๐ Samelo - Damascus - DNDM Remix (music video)
The intelligence explosion: Nick Bostrom on the future of AI
ุงููุฑุฉ ุงูุซุงููุฉ | ูุคู ููุฒู | ูุงูุดุณุชุฑ ุณูุชู 4-1 ูููุฑุจูู..ุฅุซุจุงุช ุฌูุงุฑุฏูููุง
ุฑู ุงูุดู ูุฌููู ุฒู ุงููุจุงุฑุงุฉ ูุน ููุฏูุญ ูุตุฑุงููู ู ุงุญูุฏ ุนุฒ ู ุนุจุฏู ุงูุจูู ู ุฌู ู ุณุฑู | ูููุฑุจูู ูข/ูข ุงุฑุณูุงู
"No more Magnus Carlsen, it is Nepo or Ding this time."
ูุงุฑูุงุณุชุงู - ุงูุชูุญุฏ | Autism
ููุงู ูู ุงูููุจ ุฃูู ูุฑุฉ ูุชูุงูโค๏ธ| ูุฌู ุงูุฒูุงูู ุฌูุงู ุญูุฒุฉ ูุน ูุตูุญู ูู ุจูุฏูุงุณุช ๐ฅ| ุญ12
ุฃุบุฑุจ ุฌุฑููุฉ ุตุงุฑุช ูู ุงูููุฏ (ูุตุฉ ูุงูุนูุฉ ููููุง ุฃุบุฑุจ ูู ูููู ููุฏู)
๐๐๐ Samelo - Damascus - DNDM Remix (music video)
The intelligence explosion: Nick Bostrom on the future of AI
ุงููุฑุฉ ุงูุซุงููุฉ | ูุคู ููุฒู | ูุงูุดุณุชุฑ ุณูุชู 4-1 ูููุฑุจูู..ุฅุซุจุงุช ุฌูุงุฑุฏูููุง
ุฑู ุงูุดู ูุฌููู ุฒู ุงููุจุงุฑุงุฉ ูุน ููุฏูุญ ูุตุฑุงููู ู ุงุญูุฏ ุนุฒ ู ุนุจุฏู ุงูุจูู ู ุฌู ู ุณุฑู | ูููุฑุจูู ูข/ูข ุงุฑุณูุงู
"No more Magnus Carlsen, it is Nepo or Ding this time."
ูุงุฑูุงุณุชุงู - ุงูุชูุญุฏ | Autism
ููุงู ูู ุงูููุจ ุฃูู ูุฑุฉ ูุชูุงูโค๏ธ| ูุฌู ุงูุฒูุงูู ุฌูุงู ุญูุฒุฉ ูุน ูุตูุญู ูู ุจูุฏูุงุณุช ๐ฅ| ุญ12
ุฃุบุฑุจ ุฌุฑููุฉ ุตุงุฑุช ูู ุงูููุฏ (ูุตุฉ ูุงูุนูุฉ ููููุง ุฃุบุฑุจ ูู ูููู ููุฏู)
๐๐๐ Samelo - Damascus - DNDM Remix (music video)
The intelligence explosion: Nick Bostrom on the future of AI
ุงููุฑุฉ ุงูุซุงููุฉ | ูุคู ููุฒู | ูุงูุดุณุชุฑ ุณูุชู 4-1 ูููุฑุจูู..ุฅุซุจุงุช ุฌูุงุฑุฏูููุง
ุฑู ุงูุดู ูุฌููู ุฒู ุงููุจุงุฑุงุฉ ูุน ููุฏูุญ ูุตุฑุงููู ู ุงุญูุฏ ุนุฒ ู ุนุจุฏู ุงูุจูู ู ุฌู ู ุณุฑู | ูููุฑุจูู ูข/ูข ุงุฑุณูุงู
"No more Magnus Carlsen, it is Nepo or Ding this time."
ูุงุฑูุงุณุชุงู - ุงูุชูุญุฏ | Autism
ููุงู ูู ุงูููุจ ุฃูู ูุฑุฉ ูุชูุงูโค๏ธ| ูุฌู ุงูุฒูุงูู ุฌูุงู ุญูุฒุฉ ูุน ูุตูุญู ูู ุจูุฏูุงุณุช ๐ฅ| ุญ12
ุฃุบุฑุจ ุฌุฑููุฉ ุตุงุฑุช ูู ุงูููุฏ (ูุตุฉ ูุงูุนูุฉ ููููุง ุฃุบุฑุจ ูู ูููู ููุฏู)
๐๐๐ Samelo - Damascus - DNDM Remix (music video)
The intelligence explosion: Nick Bostrom on the future of AI
ุงููุฑุฉ ุงูุซุงููุฉ | ูุคู ููุฒู | ูุงูุดุณุชุฑ ุณูุชู 4-1 ูููุฑุจูู..ุฅุซุจุงุช ุฌูุงุฑุฏูููุง
ุฑู ุงูุดู ูุฌููู ุฒู ุงููุจุงุฑุงุฉ ูุน ููุฏูุญ ูุตุฑุงููู ู ุงุญูุฏ ุนุฒ ู ุนุจุฏู ุงูุจูู ู ุฌู ู ุณุฑู | ูููุฑุจูู ูข/ูข ุงุฑุณูุงู
"No more Magnus Carlsen, it is Nepo or Ding this time."
ูุงุฑูุงุณุชุงู - ุงูุชูุญุฏ | Autism
ููุงู ูู ุงูููุจ ุฃูู ูุฑุฉ ูุชูุงูโค๏ธ| ูุฌู ุงูุฒูุงูู ุฌูุงู ุญูุฒุฉ ูุน ูุตูุญู ูู ุจูุฏูุงุณุช ๐ฅ| ุญ12
ุฃุบุฑุจ ุฌุฑููุฉ ุตุงุฑุช ูู ุงูููุฏ (ูุตุฉ ูุงูุนูุฉ ููููุง ุฃุบุฑุจ ูู ูููู ููุฏู)
๐๐๐ Samelo - Damascus - DNDM Remix (music video)
The intelligence explosion: Nick Bostrom on the future of AI
ุงููุฑุฉ ุงูุซุงููุฉ | ูุคู ููุฒู | ูุงูุดุณุชุฑ ุณูุชู 4-1 ูููุฑุจูู..ุฅุซุจุงุช ุฌูุงุฑุฏูููุง
ุฑู ุงูุดู ูุฌููู ุฒู ุงููุจุงุฑุงุฉ ูุน ููุฏูุญ ูุตุฑุงููู ู ุงุญูุฏ ุนุฒ ู ุนุจุฏู ุงูุจูู ู ุฌู ู ุณุฑู | ูููุฑุจูู ูข/ูข ุงุฑุณูุงู
"No more Magnus Carlsen, it is Nepo or Ding this time."
ูุงุฑูุงุณุชุงู - ุงูุชูุญุฏ | Autism
ููุงู ูู ุงูููุจ ุฃูู ูุฑุฉ ูุชูุงูโค๏ธ| ูุฌู ุงูุฒูุงูู ุฌูุงู ุญูุฒุฉ ูุน ูุตูุญู ูู ุจูุฏูุงุณุช ๐ฅ| ุญ12
ุฃุบุฑุจ ุฌุฑููุฉ ุตุงุฑุช ูู ุงูููุฏ (ูุตุฉ ูุงูุนูุฉ ููููุง ุฃุบุฑุจ ูู ูููู ููุฏู)
๐๐๐ Samelo - Damascus - DNDM Remix (music video)
The intelligence explosion: Nick Bostrom on the future of AI
ุงููุฑุฉ ุงูุซุงููุฉ | ูุคู ููุฒู | ูุงูุดุณุชุฑ ุณูุชู 4-1 ูููุฑุจูู..ุฅุซุจุงุช ุฌูุงุฑุฏูููุง
ุฑู ุงูุดู ูุฌููู ุฒู ุงููุจุงุฑุงุฉ ูุน ููุฏูุญ ูุตุฑุงููู ู ุงุญูุฏ ุนุฒ ู ุนุจุฏู ุงูุจูู ู ุฌู ู ุณุฑู | ูููุฑุจูู ูข/ูข ุงุฑุณูุงู
"No more Magnus Carlsen, it is Nepo or Ding this time."
ูุงุฑูุงุณุชุงู - ุงูุชูุญุฏ | Autism
ููุงู ูู ุงูููุจ ุฃูู ูุฑุฉ ูุชูุงูโค๏ธ| ูุฌู ุงูุฒูุงูู ุฌูุงู ุญูุฒุฉ ูุน ูุตูุญู ูู ุจูุฏูุงุณุช ๐ฅ| ุญ12
ุฃุบุฑุจ ุฌุฑููุฉ ุตุงุฑุช ูู ุงูููุฏ (ูุตุฉ ูุงูุนูุฉ ููููุง ุฃุบุฑุจ ูู ูููู ููุฏู)
๐๐๐ Samelo - Damascus - DNDM Remix (music video)
The intelligence explosion: Nick Bostrom on the future of AI
ุงููุฑุฉ ุงูุซุงููุฉ | ูุคู ููุฒู | ูุงูุดุณุชุฑ ุณูุชู 4-1 ูููุฑุจูู..ุฅุซุจุงุช ุฌูุงุฑุฏูููุง
ุฑู ุงูุดู ูุฌููู ุฒู ุงููุจุงุฑุงุฉ ูุน ููุฏูุญ ูุตุฑุงููู ู ุงุญูุฏ ุนุฒ ู ุนุจุฏู ุงูุจูู ู ุฌู ู ุณุฑู | ูููุฑุจูู ูข/ูข ุงุฑุณูุงู
"No more Magnus Carlsen, it is Nepo or Ding this time."
ูุงุฑูุงุณุชุงู - ุงูุชูุญุฏ | Autism
ููุงู ูู ุงูููุจ ุฃูู ูุฑุฉ ูุชูุงูโค๏ธ| ูุฌู ุงูุฒูุงูู ุฌูุงู ุญูุฒุฉ ูุน ูุตูุญู ูู ุจูุฏูุงุณุช ๐ฅ| ุญ12
ุฃุบุฑุจ ุฌุฑููุฉ ุตุงุฑุช ูู ุงูููุฏ (ูุตุฉ ูุงูุนูุฉ ููููุง ุฃุบุฑุจ ูู ูููู ููุฏู)
๐๐๐ Samelo - Damascus - DNDM Remix (music video)
The intelligence explosion: Nick Bostrom on the future of AI
ุงููุฑุฉ ุงูุซุงููุฉ | ูุคู ููุฒู | ูุงูุดุณุชุฑ ุณูุชู 4-1 ูููุฑุจูู..ุฅุซุจุงุช ุฌูุงุฑุฏูููุง
ุงููุฑุฉ ุงูุซุงููุฉ | ูุคู ููุฒู | ูุงูุดุณุชุฑ ุณูุชู 4-1 ูููุฑุจูู..ุฅุซุจุงุช ุฌูุงุฑุฏูููุง
ุงููุฑุฉ ุงูุซุงููุฉ | ูุคู ููุฒู | ูุงูุดุณุชุฑ ุณูุชู 4-1 ูููุฑุจูู..ุฅุซุจุงุช ุฌูุงุฑุฏูููุง
ุฑู ุงูุดู ูุฌููู ุฒู ุงููุจุงุฑุงุฉ ูุน ููุฏูุญ ูุตุฑุงููู ู ุงุญูุฏ ุนุฒ ู ุนุจุฏู ุงูุจูู ู ุฌู ู ุณุฑู | ูููุฑุจูู ูข/ูข ุงุฑุณูุงู
"No more Magnus Carlsen, it is Nepo or Ding this time."
ูุงุฑูุงุณุชุงู - ุงูุชูุญุฏ | Autism
ููุงู ูู ุงูููุจ ุฃูู ูุฑุฉ ูุชูุงูโค๏ธ| ูุฌู ุงูุฒูุงูู ุฌูุงู ุญูุฒุฉ ูุน ูุตูุญู ูู ุจูุฏูุงุณุช ๐ฅ| ุญ12
ุฃุบุฑุจ ุฌุฑููุฉ ุตุงุฑุช ูู ุงูููุฏ (ูุตุฉ ูุงูุนูุฉ ููููุง ุฃุบุฑุจ ูู ูููู ููุฏู)
๐๐๐ Samelo - Damascus - DNDM Remix (music video)
The intelligence explosion: Nick Bostrom on the future of AI
ุงููุฑุฉ ุงูุซุงููุฉ | ูุคู ููุฒู | ูุงูุดุณุชุฑ ุณูุชู 4-1 ูููุฑุจูู..ุฅุซุจุงุช ุฌูุงุฑุฏูููุง
ุงููุฑุฉ ุงูุซุงููุฉ | ูุคู ููุฒู | ูุงูุดุณุชุฑ ุณูุชู 4-1 ูููุฑุจูู..ุฅุซุจุงุช ุฌูุงุฑุฏูููุง
ุฑู ุงูุดู ูุฌููู ุฒู ุงููุจุงุฑุงุฉ ูุน ููุฏูุญ ูุตุฑุงููู ู ุงุญูุฏ ุนุฒ ู ุนุจุฏู ุงูุจูู ู ุฌู ู ุณุฑู | ูููุฑุจูู ูข/ูข ุงุฑุณูุงู
"No more Magnus Carlsen, it is Nepo or Ding this time."
ูุงุฑูุงุณุชุงู - ุงูุชูุญุฏ | Autism
ููุงู ูู ุงูููุจ ุฃูู ูุฑุฉ ูุชูุงูโค๏ธ| ูุฌู ุงูุฒูุงูู ุฌูุงู ุญูุฒุฉ ูุน ูุตูุญู ูู ุจูุฏูุงุณุช ๐ฅ| ุญ12
ุฃุบุฑุจ ุฌุฑููุฉ ุตุงุฑุช ูู ุงูููุฏ (ูุตุฉ ูุงูุนูุฉ ููููุง ุฃุบุฑุจ ูู ูููู ููุฏู)
๐๐๐ Samelo - Damascus - DNDM Remix (music video)
The intelligence explosion: Nick Bostrom on the future of AI
ุงููุฑุฉ ุงูุซุงููุฉ | ูุคู ููุฒู | ูุงูุดุณุชุฑ ุณูุชู 4-1 ูููุฑุจูู..ุฅุซุจุงุช ุฌูุงุฑุฏูููุง
ุฑู ุงูุดู ูุฌููู ุฒู ุงููุจุงุฑุงุฉ ูุน ููุฏูุญ ูุตุฑุงููู ู ุงุญูุฏ ุนุฒ ู ุนุจุฏู ุงูุจูู ู ุฌู ู ุณุฑู | ูููุฑุจูู ูข/ูข ุงุฑุณูุงู
"No more Magnus Carlsen, it is Nepo or Ding this time."
ูุงุฑูุงุณุชุงู - ุงูุชูุญุฏ | Autism
ููุงู ูู ุงูููุจ ุฃูู ูุฑุฉ ูุชูุงูโค๏ธ| ูุฌู ุงูุฒูุงูู ุฌูุงู ุญูุฒุฉ ูุน ูุตูุญู ูู ุจูุฏูุงุณุช ๐ฅ| ุญ12
ุฃุบุฑุจ ุฌุฑููุฉ ุตุงุฑุช ูู ุงูููุฏ (ูุตุฉ ูุงูุนูุฉ ููููุง ุฃุบุฑุจ ูู ูููู ููุฏู)
๐๐๐ Samelo - Damascus - DNDM Remix (music video)
The intelligence explosion: Nick Bostrom on the future of AI
ุงููุฑุฉ ุงูุซุงููุฉ | ูุคู ููุฒู | ูุงูุดุณุชุฑ ุณูุชู 4-1 ูููุฑุจูู..ุฅุซุจุงุช ุฌูุงุฑุฏูููุง
ุฑู ุงูุดู ูุฌููู ุฒู ุงููุจุงุฑุงุฉ ูุน ููุฏูุญ ูุตุฑุงููู ู ุงุญูุฏ ุนุฒ ู ุนุจุฏู ุงูุจูู ู ุฌู ู ุณุฑู | ูููุฑุจูู ูข/ูข ุงุฑุณูุงู
"No more Magnus Carlsen, it is Nepo or Ding this time."
ูุงุฑูุงุณุชุงู - ุงูุชูุญุฏ | Autism
ููุงู ูู ุงูููุจ ุฃูู ูุฑุฉ ูุชูุงูโค๏ธ| ูุฌู ุงูุฒูุงูู ุฌูุงู ุญูุฒุฉ ูุน ูุตูุญู ูู ุจูุฏูุงุณุช ๐ฅ| ุญ12
ุฃุบุฑุจ ุฌุฑููุฉ ุตุงุฑุช ูู ุงูููุฏ (ูุตุฉ ูุงูุนูุฉ ููููุง ุฃุบุฑุจ ูู ูููู ููุฏู)
๐๐๐ Samelo - Damascus - DNDM Remix (music video)
The intelligence explosion: Nick Bostrom on the future of AI
ุงููุฑุฉ ุงูุซุงููุฉ | ูุคู ููุฒู | ูุงูุดุณุชุฑ ุณูุชู 4-1 ูููุฑุจูู..ุฅุซุจุงุช ุฌูุงุฑุฏูููุง
ุฑู ุงูุดู ูุฌููู ุฒู ุงููุจุงุฑุงุฉ ูุน ููุฏูุญ ูุตุฑุงููู ู ุงุญูุฏ ุนุฒ ู ุนุจุฏู ุงูุจูู ู ุฌู ู ุณุฑู | ูููุฑุจูู ูข/ูข ุงุฑุณูุงู
"No more Magnus Carlsen, it is Nepo or Ding this time."
ูุงุฑูุงุณุชุงู - ุงูุชูุญุฏ | Autism
ููุงู ูู ุงูููุจ ุฃูู ูุฑุฉ ูุชูุงูโค๏ธ| ูุฌู ุงูุฒูุงูู ุฌูุงู ุญูุฒุฉ ูุน ูุตูุญู ูู ุจูุฏูุงุณุช ๐ฅ| ุญ12
ุฃุบุฑุจ ุฌุฑููุฉ ุตุงุฑุช ูู ุงูููุฏ (ูุตุฉ ูุงูุนูุฉ ููููุง ุฃุบุฑุจ ูู ูููู ููุฏู)
๐๐๐ Samelo - Damascus - DNDM Remix (music video)
The intelligence explosion: Nick Bostrom on the future of AI
ุงููุฑุฉ ุงูุซุงููุฉ | ูุคู ููุฒู | ูุงูุดุณุชุฑ ุณูุชู 4-1 ูููุฑุจูู..ุฅุซุจุงุช ุฌูุงุฑุฏูููุง
ุฑู ุงูุดู ูุฌููู ุฒู ุงููุจุงุฑุงุฉ ูุน ููุฏูุญ ูุตุฑุงููู ู ุงุญูุฏ ุนุฒ ู ุนุจุฏู ุงูุจูู ู ุฌู ู ุณุฑู | ูููุฑุจูู ูข/ูข ุงุฑุณูุงู
"No more Magnus Carlsen, it is Nepo or Ding this time."
ูุงุฑูุงุณุชุงู - ุงูุชูุญุฏ | Autism
ููุงู ูู ุงูููุจ ุฃูู ูุฑุฉ ูุชูุงูโค๏ธ| ูุฌู ุงูุฒูุงูู ุฌูุงู ุญูุฒุฉ ูุน ูุตูุญู ูู ุจูุฏูุงุณุช ๐ฅ| ุญ12
ุฃุบุฑุจ ุฌุฑููุฉ ุตุงุฑุช ูู ุงูููุฏ (ูุตุฉ ูุงูุนูุฉ ููููุง ุฃุบุฑุจ ูู ูููู ููุฏู)
๐๐๐ Samelo - Damascus - DNDM Remix (music video)
The intelligence explosion: Nick Bostrom on the future of AI
ุงููุฑุฉ ุงูุซุงููุฉ | ูุคู ููุฒู | ูุงูุดุณุชุฑ ุณูุชู 4-1 ูููุฑุจูู..ุฅุซุจุงุช ุฌูุงุฑุฏูููุง
ุฑู ุงูุดู ูุฌููู ุฒู ุงููุจุงุฑุงุฉ ูุน ููุฏูุญ ูุตุฑุงููู ู ุงุญูุฏ ุนุฒ ู ุนุจุฏู ุงูุจูู ู ุฌู ู ุณุฑู | ูููุฑุจูู ูข/ูข ุงุฑุณูุงู
"No more Magnus Carlsen, it is Nepo or Ding this time."
ูุงุฑูุงุณุชุงู - ุงูุชูุญุฏ | Autism
ููุงู ูู ุงูููุจ ุฃูู ูุฑุฉ ูุชูุงูโค๏ธ| ูุฌู ุงูุฒูุงูู ุฌูุงู ุญูุฒุฉ ูุน ูุตูุญู ูู ุจูุฏูุงุณุช ๐ฅ| ุญ12
ุฃุบุฑุจ ุฌุฑููุฉ ุตุงุฑุช ูู ุงูููุฏ (ูุตุฉ ูุงูุนูุฉ ููููุง ุฃุบุฑุจ ูู ูููู ููุฏู)
๐๐๐ Samelo - Damascus - DNDM Remix (music video)
The intelligence explosion: Nick Bostrom on the future of AI
ุงููุฑุฉ ุงูุซุงููุฉ | ูุคู ููุฒู | ูุงูุดุณุชุฑ ุณูุชู 4-1 ูููุฑุจูู..ุฅุซุจุงุช ุฌูุงุฑุฏูููุง
ุฑู ุงูุดู ูุฌููู ุฒู ุงููุจุงุฑุงุฉ ูุน ููุฏูุญ ูุตุฑุงููู ู ุงุญูุฏ ุนุฒ ู ุนุจุฏู ุงูุจูู ู ุฌู ู ุณุฑู | ูููุฑุจูู ูข/ูข ุงุฑุณูุงู
"No more Magnus Carlsen, it is Nepo or Ding this time."
ูุงุฑูุงุณุชุงู - ุงูุชูุญุฏ | Autism
ููุงู ูู ุงูููุจ ุฃูู ูุฑุฉ ูุชูุงูโค๏ธ| ูุฌู ุงูุฒูุงูู ุฌูุงู ุญูุฒุฉ ูุน ูุตูุญู ูู ุจูุฏูุงุณุช ๐ฅ| ุญ12
ุฃุบุฑุจ ุฌุฑููุฉ ุตุงุฑุช ูู ุงูููุฏ (ูุตุฉ ูุงูุนูุฉ ููููุง ุฃุบุฑุจ ูู ูููู ููุฏู)
๐๐๐ Samelo - Damascus - DNDM Remix (music video)
The intelligence explosion: Nick Bostrom on the future of AI
ุงููุฑุฉ ุงูุซุงููุฉ | ูุคู ููุฒู | ูุงูุดุณุชุฑ ุณูุชู 4-1 ูููุฑุจูู..ุฅุซุจุงุช ุฌูุงุฑุฏูููุง
ุฑู ุงูุดู ูุฌููู ุฒู ุงููุจุงุฑุงุฉ ูุน ููุฏูุญ ูุตุฑุงููู ู ุงุญูุฏ ุนุฒ ู ุนุจุฏู ุงูุจูู ู ุฌู ู ุณุฑู | ูููุฑุจูู ูข/ูข ุงุฑุณูุงู
"No more Magnus Carlsen, it is Nepo or Ding this time."
ูุงุฑูุงุณุชุงู - ุงูุชูุญุฏ | Autism
ููุงู ูู ุงูููุจ ุฃูู ูุฑุฉ ูุชูุงูโค๏ธ| ูุฌู ุงูุฒูุงูู ุฌูุงู ุญูุฒุฉ ูุน ูุตูุญู ูู ุจูุฏูุงุณุช ๐ฅ| ุญ12
ุฃุบุฑุจ ุฌุฑููุฉ ุตุงุฑุช ูู ุงูููุฏ (ูุตุฉ ูุงูุนูุฉ ููููุง ุฃุบุฑุจ ูู ูููู ููุฏู)
๐๐๐ Samelo - Damascus - DNDM Remix (music video)
The intelligence explosion: Nick Bostrom on the future of AI
ุงููุฑุฉ ุงูุซุงููุฉ | ูุคู ููุฒู | ูุงูุดุณุชุฑ ุณูุชู 4-1 ูููุฑุจูู..ุฅุซุจุงุช ุฌูุงุฑุฏูููุง
ุฑู ุงูุดู ูุฌููู ุฒู ุงููุจุงุฑุงุฉ ูุน ููุฏูุญ ูุตุฑุงููู ู ุงุญูุฏ ุนุฒ ู ุนุจุฏู ุงูุจูู ู ุฌู ู ุณุฑู | ูููุฑุจูู ูข/ูข ุงุฑุณูุงู
"No more Magnus Carlsen, it is Nepo or Ding this time."
ูุงุฑูุงุณุชุงู - ุงูุชูุญุฏ | Autism
ููุงู ูู ุงูููุจ ุฃูู ูุฑุฉ ูุชูุงูโค๏ธ| ูุฌู ุงูุฒูุงูู ุฌูุงู ุญูุฒุฉ ูุน ูุตูุญู ูู ุจูุฏูุงุณุช ๐ฅ| ุญ12
ุฃุบุฑุจ ุฌุฑููุฉ ุตุงุฑุช ูู ุงูููุฏ (ูุตุฉ ูุงูุนูุฉ ููููุง ุฃุบุฑุจ ูู ูููู ููุฏู)
๐๐๐ Samelo - Damascus - DNDM Remix (music video)
The intelligence explosion: Nick Bostrom on the future of AI
ุงููุฑุฉ ุงูุซุงููุฉ | ูุคู ููุฒู | ูุงูุดุณุชุฑ ุณูุชู 4-1 ูููุฑุจูู..ุฅุซุจุงุช ุฌูุงุฑุฏูููุง
ุฑู ุงูุดู ูุฌููู ุฒู ุงููุจุงุฑุงุฉ ูุน ููุฏูุญ ูุตุฑุงููู ู ุงุญูุฏ ุนุฒ ู ุนุจุฏู ุงูุจูู ู ุฌู ู ุณุฑู | ูููุฑุจูู ูข/ูข ุงุฑุณูุงู
"No more Magnus Carlsen, it is Nepo or Ding this time."
ูุงุฑูุงุณุชุงู - ุงูุชูุญุฏ | Autism
ููุงู ูู ุงูููุจ ุฃูู ูุฑุฉ ูุชูุงูโค๏ธ| ูุฌู ุงูุฒูุงูู ุฌูุงู ุญูุฒุฉ ูุน ูุตูุญู ูู ุจูุฏูุงุณุช ๐ฅ| ุญ12
ุฃุบุฑุจ ุฌุฑููุฉ ุตุงุฑุช ูู ุงูููุฏ (ูุตุฉ ูุงูุนูุฉ ููููุง ุฃุบุฑุจ ูู ูููู ููุฏู)
๐๐๐ Samelo - Damascus - DNDM Remix (music video)
The intelligence explosion: Nick Bostrom on the future of AI
ุงููุฑุฉ ุงูุซุงููุฉ | ูุคู ููุฒู | ูุงูุดุณุชุฑ ุณูุชู 4-1 ูููุฑุจูู..ุฅุซุจุงุช ุฌูุงุฑุฏูููุง
ุฑู ุงูุดู ูุฌููู ุฒู ุงููุจุงุฑุงุฉ ูุน ููุฏูุญ ูุตุฑุงููู ู ุงุญูุฏ ุนุฒ ู ุนุจุฏู ุงูุจูู ู ุฌู ู ุณุฑู | ูููุฑุจูู ูข/ูข ุงุฑุณูุงู
"No more Magnus Carlsen, it is Nepo or Ding this time."
ูุงุฑูุงุณุชุงู - ุงูุชูุญุฏ | Autism
ููุงู ูู ุงูููุจ ุฃูู ูุฑุฉ ูุชูุงูโค๏ธ| ูุฌู ุงูุฒูุงูู ุฌูุงู ุญูุฒุฉ ูุน ูุตูุญู ูู ุจูุฏูุงุณุช ๐ฅ| ุญ12
ุฃุบุฑุจ ุฌุฑููุฉ ุตุงุฑุช ูู ุงูููุฏ (ูุตุฉ ูุงูุนูุฉ ููููุง ุฃุบุฑุจ ูู ูููู ููุฏู)
๐๐๐ Samelo - Damascus - DNDM Remix (music video)
The intelligence explosion: Nick Bostrom on the future of AI
ุงููุฑุฉ ุงูุซุงููุฉ | ูุคู ููุฒู | ูุงูุดุณุชุฑ ุณูุชู 4-1 ูููุฑุจูู..ุฅุซุจุงุช ุฌูุงุฑุฏูููุง
ุฑู ุงูุดู ูุฌููู ุฒู ุงููุจุงุฑุงุฉ ูุน ููุฏูุญ ูุตุฑุงููู ู ุงุญูุฏ ุนุฒ ู ุนุจุฏู ุงูุจูู ู ุฌู ู ุณุฑู | ูููุฑุจูู ูข/ูข ุงุฑุณูุงู
"No more Magnus Carlsen, it is Nepo or Ding this time."
ูุงุฑูุงุณุชุงู - ุงูุชูุญุฏ | Autism
ููุงู ูู ุงูููุจ ุฃูู ูุฑุฉ ูุชูุงูโค๏ธ| ูุฌู ุงูุฒูุงูู ุฌูุงู ุญูุฒุฉ ูุน ูุตูุญู ูู ุจูุฏูุงุณุช ๐ฅ| ุญ12
ุฃุบุฑุจ ุฌุฑููุฉ ุตุงุฑุช ูู ุงูููุฏ (ูุตุฉ ูุงูุนูุฉ ููููุง ุฃุบุฑุจ ูู ูููู ููุฏู)
๐๐๐ Samelo - Damascus - DNDM Remix (music video)
The intelligence explosion: Nick Bostrom on the future of AI
ุงููุฑุฉ ุงูุซุงููุฉ | ูุคู ููุฒู | ูุงูุดุณุชุฑ ุณูุชู 4-1 ูููุฑุจูู..ุฅุซุจุงุช ุฌูุงุฑุฏูููุง
ุฑู ุงูุดู ูุฌููู ุฒู ุงููุจุงุฑุงุฉ ูุน ููุฏูุญ ูุตุฑุงููู ู ุงุญูุฏ ุนุฒ ู ุนุจุฏู ุงูุจูู ู ุฌู ู ุณุฑู | ูููุฑุจูู ูข/ูข ุงุฑุณูุงู
"No more Magnus Carlsen, it is Nepo or Ding this time."
ูุงุฑูุงุณุชุงู - ุงูุชูุญุฏ | Autism
ููุงู ูู ุงูููุจ ุฃูู ูุฑุฉ ูุชูุงูโค๏ธ| ูุฌู ุงูุฒูุงูู ุฌูุงู ุญูุฒุฉ ูุน ูุตูุญู ูู ุจูุฏูุงุณุช ๐ฅ| ุญ12
ุฃุบุฑุจ ุฌุฑููุฉ ุตุงุฑุช ูู ุงูููุฏ (ูุตุฉ ูุงูุนูุฉ ููููุง ุฃุบุฑุจ ูู ูููู ููุฏู)
๐๐๐ Samelo - Damascus - DNDM Remix (music video)
The intelligence explosion: Nick Bostrom on the future of AI
ุงููุฑุฉ ุงูุซุงููุฉ | ูุคู ููุฒู | ูุงูุดุณุชุฑ ุณูุชู 4-1 ูููุฑุจูู..ุฅุซุจุงุช ุฌูุงุฑุฏูููุง
ุฑู ุงูุดู ูุฌููู ุฒู ุงููุจุงุฑุงุฉ ูุน ููุฏูุญ ูุตุฑุงููู ู ุงุญูุฏ ุนุฒ ู ุนุจุฏู ุงูุจูู ู ุฌู ู ุณุฑู | ูููุฑุจูู ูข/ูข ุงุฑุณูุงู
"No more Magnus Carlsen, it is Nepo or Ding this time."
ูุงุฑูุงุณุชุงู - ุงูุชูุญุฏ | Autism
ููุงู ูู ุงูููุจ ุฃูู ูุฑุฉ ูุชูุงูโค๏ธ| ูุฌู ุงูุฒูุงูู ุฌูุงู ุญูุฒุฉ ูุน ูุตูุญู ูู ุจูุฏูุงุณุช ๐ฅ| ุญ12
ุฃุบุฑุจ ุฌุฑููุฉ ุตุงุฑุช ูู ุงูููุฏ (ูุตุฉ ูุงูุนูุฉ ููููุง ุฃุบุฑุจ ูู ูููู ููุฏู)
๐๐๐ Samelo - Damascus - DNDM Remix (music video)
The intelligence explosion: Nick Bostrom on the future of AI
ุงููุฑุฉ ุงูุซุงููุฉ | ูุคู ููุฒู | ูุงูุดุณุชุฑ ุณูุชู 4-1 ูููุฑุจูู..ุฅุซุจุงุช ุฌูุงุฑุฏูููุง
ุฑู ุงูุดู ูุฌููู ุฒู ุงููุจุงุฑุงุฉ ูุน ููุฏูุญ ูุตุฑุงููู ู ุงุญูุฏ ุนุฒ ู ุนุจุฏู ุงูุจูู ู ุฌู ู ุณุฑู | ูููุฑุจูู ูข/ูข ุงุฑุณูุงู
"No more Magnus Carlsen, it is Nepo or Ding this time."
ูุงุฑูุงุณุชุงู - ุงูุชูุญุฏ | Autism
ููุงู ูู ุงูููุจ ุฃูู ูุฑุฉ ูุชูุงูโค๏ธ| ูุฌู ุงูุฒูุงูู ุฌูุงู ุญูุฒุฉ ูุน ูุตูุญู ูู ุจูุฏูุงุณุช ๐ฅ| ุญ12
ุฃุบุฑุจ ุฌุฑููุฉ ุตุงุฑุช ูู ุงูููุฏ (ูุตุฉ ูุงูุนูุฉ ููููุง ุฃุบุฑุจ ูู ูููู ููุฏู)
๐๐๐ Samelo - Damascus - DNDM Remix (music video)
The intelligence explosion: Nick Bostrom on the future of AI
ุงููุฑุฉ ุงูุซุงููุฉ | ูุคู ููุฒู | ูุงูุดุณุชุฑ ุณูุชู 4-1 ูููุฑุจูู..ุฅุซุจุงุช ุฌูุงุฑุฏูููุง
ุฑู ุงูุดู ูุฌููู ุฒู ุงููุจุงุฑุงุฉ ูุน ููุฏูุญ ูุตุฑุงููู ู ุงุญูุฏ ุนุฒ ู ุนุจุฏู ุงูุจูู ู ุฌู ู ุณุฑู | ูููุฑุจูู ูข/ูข ุงุฑุณูุงู
"No more Magnus Carlsen, it is Nepo or Ding this time."
ูุงุฑูุงุณุชุงู - ุงูุชูุญุฏ | Autism
ููุงู ูู ุงูููุจ ุฃูู ูุฑุฉ ูุชูุงูโค๏ธ| ูุฌู ุงูุฒูุงูู ุฌูุงู ุญูุฒุฉ ูุน ูุตูุญู ูู ุจูุฏูุงุณุช ๐ฅ| ุญ12
ุฃุบุฑุจ ุฌุฑููุฉ ุตุงุฑุช ูู ุงูููุฏ (ูุตุฉ ูุงูุนูุฉ ููููุง ุฃุบุฑุจ ูู ูููู ููุฏู)
๐๐๐ Samelo - Damascus - DNDM Remix (music video)
The intelligence explosion: Nick Bostrom on the future of AI
ุงููุฑุฉ ุงูุซุงููุฉ | ูุคู ููุฒู | ูุงูุดุณุชุฑ ุณูุชู 4-1 ูููุฑุจูู..ุฅุซุจุงุช ุฌูุงุฑุฏูููุง
ุฑู ุงูุดู ูุฌููู ุฒู ุงููุจุงุฑุงุฉ ูุน ููุฏูุญ ูุตุฑุงููู ู ุงุญูุฏ ุนุฒ ู ุนุจุฏู ุงูุจูู ู ุฌู ู ุณุฑู | ูููุฑุจูู ูข/ูข ุงุฑุณูุงู
"No more Magnus Carlsen, it is Nepo or Ding this time."
ูุงุฑูุงุณุชุงู - ุงูุชูุญุฏ | Autism
ููุงู ูู ุงูููุจ ุฃูู ูุฑุฉ ูุชูุงูโค๏ธ| ูุฌู ุงูุฒูุงูู ุฌูุงู ุญูุฒุฉ ูุน ูุตูุญู ูู ุจูุฏูุงุณุช ๐ฅ| ุญ12
ุฃุบุฑุจ ุฌุฑููุฉ ุตุงุฑุช ูู ุงูููุฏ (ูุตุฉ ูุงูุนูุฉ ููููุง ุฃุบุฑุจ ูู ูููู ููุฏู)
๐๐๐ Samelo - Damascus - DNDM Remix (music video)
The intelligence explosion: Nick Bostrom on the future of AI
ุณุคุงู ููู ููุญุฑุฌ ูุฏูุชูุฑ ุตูุงุญ   ููุฉ ููู ูุณุฆูู ุทูุจ ููู ุงููุงุฑู ูุงูุชุฑุงุญุงุชู ูุนูู ุจููุง ุงููุ ุงูุฏูุชูุฑ ุตูุงุญ
